"","carat","cut","color","clarity","depth","table","price","x","y","z"
"20923",1.05,"Ideal","F","VVS2",61.5,57,9138,6.51,6.57,4.02
"27389",0.41,"Premium","J","VS1",62.1,58,647,4.75,4.79,2.96
"11153",1.01,"Premium","H","SI1",61.8,60,4943,6.44,6.38,3.96
"19098",1.51,"Premium","H","SI2",60.4,59,7864,7.3,7.27,4.4
"4839",0.9,"Very Good","I","VS2",63,60,3709,6.15,6.17,3.88
"44920",0.53,"Ideal","D","SI1",61.7,56,1631,5.15,5.23,3.2
"31747",0.4,"Very Good","D","SI1",61.4,56,772,4.72,4.83,2.93
"29494",0.32,"Ideal","E","VS2",61.6,55,702,4.41,4.42,2.72
"45122",0.52,"Premium","F","VS2",58.5,60,1651,5.29,5.24,3.08
"19311",1.54,"Premium","E","SI2",59,62,8020,7.59,7.56,4.47
"30713",0.33,"Ideal","E","VS2",60.5,55,738,4.52,4.56,2.74
"29082",0.36,"Ideal","H","VVS2",61.4,55,689,4.57,4.6,2.82
"50972",0.31,"Good","E","SI1",63.4,57,544,4.31,4.33,2.74
"38752",0.35,"Premium","G","IF",60.6,60,1044,4.54,4.57,2.76
"47463",0.55,"Ideal","F","VS1",61,55,1857,5.29,5.33,3.24
"36395",0.4,"Ideal","G","SI1",61.5,57,942,4.74,4.76,2.92
"21703",0.35,"Ideal","I","VVS1",61.8,55,627,4.53,4.56,2.81
"7062",0.33,"Premium","I","VVS2",61,59,579,4.41,4.44,2.7
"31044",0.33,"Ideal","F","VVS2",62.4,55,750,4.43,4.45,2.77
"30834",0.33,"Premium","H","VS1",59.7,59,743,4.53,4.52,2.7
"41439",0.48,"Good","G","VS1",58.2,59.2,1228,5.09,5.14,2.98
"40559",0.41,"Very Good","G","VVS1",60,59,1151,4.83,4.84,2.9
"7119",1.01,"Good","E","SI2",57.5,63,4171,6.56,6.58,3.78
"32530",0.35,"Very Good","G","VVS2",62.8,58,798,4.44,4.48,2.8
"6860",1.05,"Ideal","J","SI2",62.3,54,4126,6.52,6.55,4.07
"50438",0.72,"Premium","I","SI1",61.5,59,2262,5.78,5.73,3.54
"6554",1.01,"Premium","I","SI1",58.6,62,4072,6.51,6.45,3.8
"34475",0.38,"Ideal","E","VS2",61.7,55,866,4.66,4.68,2.88
"50903",0.65,"Very Good","H","VVS1",61.6,58,2318,5.57,5.62,3.42
"45187",0.51,"Ideal","G","VS1",62.2,55,1656,5.11,5.14,3.19
"22068",1.56,"Premium","E","SI2",62.4,60,10090,7.41,7.36,4.61
"43698",0.5,"Good","F","VS2",63.6,57,1436,5.03,5.07,3.21
"4064",0.31,"Good","D","SI1",63.5,57,571,4.28,4.32,2.73
"52877",0.82,"Very Good","I","VS1",63.6,58.9,2583,5.88,5.93,3.76
"51775",0.72,"Ideal","H","SI2",61.3,55,2410,5.78,5.81,3.55
"36192",0.4,"Ideal","G","VVS2",61.9,55,931,4.72,4.75,2.93
"49187",0.51,"Ideal","E","VS1",62.8,57,2075,5.1,5.07,3.2
"21731",1.03,"Ideal","D","VVS2",62,56,9798,6.46,6.55,4.03
"11009",1.1,"Premium","H","SI1",63,58,4916,6.6,6.55,4.14
"41480",0.56,"Very Good","J","VS2",60.6,57,1232,5.35,5.38,3.25
"2845",0.56,"Ideal","D","VVS1",61.8,56,3270,5.28,5.31,3.27
"26368",0.32,"Good","H","VVS2",63.4,56,645,4.34,4.37,2.76
"49281",0.6,"Ideal","G","VS1",61.3,60,2091,5.39,5.41,3.31
"40209",0.31,"Ideal","F","IF",62.3,57,1122,4.34,4.3,2.69
"12197",1.08,"Ideal","E","SI1",62.6,57,5189,6.56,6.53,4.1
"12380",0.39,"Very Good","G","SI2",63.2,57,597,4.65,4.57,2.92
"45746",0.52,"Ideal","D","VS2",62,53,1701,5.17,5.21,3.22
"4160",1.09,"Ideal","G","I1",61,56,3549,6.62,6.66,4.05
"30615",0.34,"Very Good","F","SI2",61.7,61,447,4.44,4.48,2.75
"8040",1.01,"Ideal","I","SI2",62.5,57,4336,6.38,6.45,4.01
"18764",1,"Good","D","VS1",62.7,62,7672,6.21,6.23,3.9
"33055",0.3,"Ideal","F","VVS1",61.9,58,814,4.26,4.3,2.65
"1875",0.79,"Very Good","F","SI1",58.5,61,3073,6.03,6.08,3.54
"3429",0.71,"Premium","H","IF",60.2,61,3384,5.8,5.76,3.48
"38268",0.26,"Very Good","E","SI1",62,54,384,4.08,4.11,2.54
"11491",1.13,"Very Good","F","SI1",61.2,59,5017,6.72,6.75,4.12
"30527",0.44,"Ideal","H","SI1",61.9,57,733,4.9,4.92,3.04
"53115",0.78,"Ideal","H","SI1",61.1,57,2616,5.9,5.94,3.62
"40117",0.41,"Ideal","F","VVS2",61.7,57,1115,4.73,4.8,2.94
"46207",0.51,"Ideal","G","VVS2",62,57,1750,5.1,5.13,3.17
"50653",0.31,"Premium","H","VS1",62.4,58,544,4.32,4.36,2.71
"40980",0.41,"Premium","D","VVS2",62.2,58,1181,4.8,4.78,2.98
"41539",0.42,"Ideal","D","VS1",61.5,54,1235,4.84,4.79,2.96
"6580",0.9,"Good","D","SI2",64,59,4078,6.04,6.09,3.88
"49848",0.72,"Very Good","G","SI1",63.6,56,2170,5.69,5.72,3.63
"29033",0.31,"Ideal","H","VVS1",62.3,53,687,4.35,4.38,2.72
"43962",0.34,"Ideal","H","VS2",61.2,55,517,4.49,4.53,2.76
"35798",0.34,"Ideal","F","VVS2",61.8,56,914,4.49,4.47,2.77
"24209",1.63,"Premium","F","SI1",59.7,62,12394,7.73,7.65,4.59
"47515",0.55,"Very Good","D","VS2",59.8,57,1867,5.31,5.35,3.19
"41095",0.51,"Good","D","SI1",63.4,59,1193,5.07,5.02,3.2
"21604",1.25,"Premium","F","VS2",60.8,58,9702,6.98,6.93,4.23
"25626",1,"Ideal","D","VVS1",60.7,56,14498,6.47,6.54,3.95
"17662",1.07,"Very Good","F","VS1",62,58,7118,6.57,6.59,4.08
"8572",1,"Good","E","SI1",63.1,64,4435,6.31,6.25,3.96
"20110",1.5,"Ideal","G","SI2",62,57,8580,7.26,7.31,4.52
"17751",1.46,"Very Good","I","SI1",62.5,57,7146,7.15,7.19,4.48
"14729",0.3,"Good","G","VS1",63.1,56,605,4.24,4.26,2.68
"18575",1.07,"Ideal","G","VS2",61.7,55,7577,6.53,6.57,4.04
"10908",1.01,"Fair","G","VS2",64.9,56,4887,6.27,6.21,4.05
"50862",0.7,"Very Good","F","SI1",61.7,59,2313,5.64,5.68,3.49
"51742",0.81,"Premium","F","SI1",59.4,60,2403,6.11,6.07,3.62
"27232",1.7,"Good","F","VS2",62.2,56,17597,7.54,7.6,4.71
"24898",1.71,"Premium","D","SI2",60.6,60,13325,7.76,7.69,4.68
"13449",1.2,"Very Good","I","SI1",62.6,59,5522,6.75,6.71,4.21
"35414",0.4,"Ideal","G","SI1",60.2,56,900,4.83,4.77,2.89
"28308",0.3,"Very Good","H","SI1",62.9,57,432,4.22,4.27,2.67
"22697",0.3,"Premium","G","VS2",59.3,59,630,4.42,4.38,2.61
"7197",1.01,"Very Good","I","SI1",63.6,58,4189,6.31,6.36,4.03
"13980",1.21,"Ideal","H","SI2",62.1,55,5692,6.87,6.82,4.25
"6420",1.02,"Premium","F","SI2",61,58,4043,6.49,6.52,3.97
"3356",0.8,"Very Good","G","VS1",63.5,57,3381,5.87,5.91,3.74
"3520",0.91,"Very Good","F","SI2",63,59,3405,6.12,6.17,3.87
"6977",0.9,"Very Good","E","SI1",63.1,58,4151,6.12,6.02,3.83
"27033",0.32,"Ideal","G","VS1",61.9,55,645,4.39,4.43,2.73
"16534",1.01,"Good","E","VS2",56.7,61,6606,6.71,6.66,3.79
"37242",0.5,"Good","F","SI1",64.3,57,975,5.03,4.94,3.21
"21722",1.52,"Premium","D","SI2",61.5,60,9789,7.44,7.39,4.56
"23395",0.36,"Very Good","E","VS2",59.9,55,631,4.66,4.69,2.8
"37427",0.33,"Ideal","G","IF",61.6,56,984,4.45,4.48,2.75
"4921",1.21,"Good","E","I1",63.3,63,3726,6.67,6.72,4.24
"6031",0.25,"Very Good","E","VVS1",60,56,575,4.1,4.14,2.47
"33716",0.33,"Ideal","H","IF",61.4,54,838,4.47,4.49,2.75
"39747",0.43,"Ideal","G","VS2",62.4,56,1093,4.87,4.84,3.02
"35113",0.3,"Ideal","F","IF",62,56,886,4.31,4.33,2.68
"44627",0.57,"Premium","G","VS2",59.7,59,1608,5.37,5.41,3.22
"40827",0.48,"Premium","F","SI1",61.1,61,1170,5.05,5,3.07
"29646",0.35,"Very Good","G","VS1",62.5,55,706,4.51,4.55,2.83
"5922",1,"Good","G","SI2",57.4,60,3941,6.63,6.53,3.78
"23753",1.6,"Premium","H","VS2",62.1,60,11796,7.51,7.44,4.64
"29696",0.31,"Premium","G","VVS2",60.5,58,707,4.39,4.43,2.67
"6799",1.01,"Good","H","SI1",63.4,58,4116,6.37,6.41,4.05
"32441",0.43,"Very Good","F","SI1",62.9,59,792,4.79,4.84,3.03
"44005",0.3,"Premium","J","VS1",62.6,60,394,4.22,4.28,2.66
"14028",1.01,"Ideal","D","SI1",62,55,5702,6.39,6.45,3.98
"52758",0.71,"Very Good","H","VS1",63.9,60,2562,5.54,5.6,3.56
"21653",1.7,"Very Good","H","SI2",63.8,55,9745,7.47,7.55,4.79
"34882",0.4,"Very Good","E","VS2",62,60,879,4.67,4.69,2.9
"8929",1.01,"Premium","F","SI2",62.7,59,4497,6.4,6.35,4
"11789",1.03,"Premium","F","SI1",61.5,59,5087,6.49,6.42,3.97
"50820",0.71,"Ideal","E","SI1",61.5,57,2308,5.74,5.78,3.54
"18206",1.19,"Premium","G","VS2",61.9,58,7389,6.86,6.74,4.21
"43721",0.51,"Very Good","G","VS2",62.4,62,1438,5.07,5.09,3.17
"14535",1.08,"Ideal","H","SI1",60,58,5867,6.69,6.66,4.01
"28408",0.35,"Premium","D","SI2",62.3,58,669,4.54,4.48,2.81
"22644",1.5,"Good","H","VS2",63.9,60,10692,7.17,7.22,4.6
"42852",0.41,"Ideal","D","VVS2",62.3,57,1356,4.76,4.74,2.96
"49987",0.7,"Good","F","SI1",57.9,63,2190,5.8,5.84,3.37
"7388",0.33,"Ideal","G","VS2",62.2,56,579,4.44,4.47,2.77
"41012",0.42,"Ideal","D","VVS2",61.7,55,1185,4.79,4.83,2.97
"35032",0.4,"Ideal","E","SI1",63,57,882,4.68,4.65,2.94
"32098",0.33,"Ideal","E","VS1",62.7,57,781,4.38,4.45,2.77
"42647",0.4,"Ideal","E","VVS1",62.6,56,1333,4.7,4.73,2.95
"30994",0.37,"Premium","F","VS2",61.2,58,746,4.63,4.69,2.85
"7525",1.01,"Premium","G","SI2",59.1,59,4242,6.55,6.51,3.86
"49510",0.73,"Ideal","J","VS1",62,53,2121,5.78,5.82,3.6
"36441",0.31,"Ideal","D","VS2",61.9,56,942,4.38,4.34,2.7
"37338",0.43,"Ideal","E","VS2",62.2,57,981,4.8,4.84,3
"7189",0.9,"Good","I","VVS1",63.6,58,4187,6.1,6.14,3.89
"41073",0.41,"Ideal","F","VVS2",60.6,57,1192,4.86,4.81,2.93
"6012",0.91,"Premium","E","SI1",61.9,61,3961,6.14,6.11,3.79
"20346",1.15,"Ideal","F","VVS2",62.1,55,8743,6.69,6.74,4.17
"5376",0.34,"Premium","J","VS1",61.7,58,574,4.47,4.41,2.74
"24577",1.51,"Very Good","G","VS2",63.5,57,12872,7.23,7.19,4.58
"29527",0.38,"Ideal","I","VS1",61.5,53.9,703,4.66,4.7,2.89
"18752",1.01,"Premium","G","VVS2",60.5,60,7665,6.58,6.51,3.96
"9097",1.01,"Premium","I","SI1",60.8,61,4525,6.47,6.43,3.92
"1301",0.72,"Premium","E","VS2",61.1,59,2954,5.75,5.8,3.53
"36183",0.41,"Premium","E","SI1",61,61,930,4.77,4.74,2.9
"38106",0.36,"Premium","E","VS2",60.3,62,1013,4.59,4.56,2.76
"14996",1.07,"Ideal","G","VS2",62.2,57,6040,6.55,6.5,4.06
"15798",1.29,"Ideal","G","SI2",61.5,55,6321,7.03,6.99,4.31
"43894",0.3,"Ideal","D","SI1",62.4,54,508,4.32,4.34,2.7
"1672",0.7,"Very Good","G","VS2",61.8,55,3026,5.69,5.74,3.53
"464",0.7,"Premium","E","VS2",59.3,60,2818,5.78,5.73,3.41
"46068",0.54,"Ideal","G","SI1",61.9,55,1736,5.24,5.26,3.25
"20098",1.51,"Very Good","G","SI2",63.2,55,8574,7.32,7.27,4.61
"9732",1.08,"Premium","E","SI2",60.8,59,4656,6.57,6.62,4.01
"43548",0.53,"Premium","H","VS2",59.4,59,1428,5.31,5.27,3.14
"37899",0.41,"Ideal","D","VS2",62.2,57,1007,4.72,4.76,2.95
"423",0.71,"Ideal","D","SI1",62.4,57,2812,5.69,5.72,3.56
"35646",0.31,"Premium","G","VVS2",62.2,59,907,4.36,4.32,2.7
"10840",1.2,"Premium","I","SI1",61.7,56,4872,6.82,6.76,4.19
"20345",1.51,"Good","D","SI2",61.5,61,8742,7.37,7.42,4.55
"12037",0.34,"Ideal","G","VS2",62.7,55,596,4.48,4.49,2.81
"29673",0.28,"Very Good","F","VVS2",61.1,57,707,4.24,4.27,2.6
"16441",1.33,"Premium","G","SI2",60.3,58,6565,7.16,7.19,4.33
"907",0.7,"Good","F","VS1",59.1,62,2877,5.82,5.86,3.44
"15134",1.25,"Premium","I","VS2",61,59,6084,6.98,6.89,4.23
"43640",0.5,"Premium","F","VS2",60.6,61,1433,5.13,5.1,3.1
"47028",0.56,"Ideal","H","VVS1",62.1,54,1819,5.28,5.31,3.29
"22186",1.22,"Ideal","G","VVS2",62.3,56,10221,6.84,6.81,4.25
"44225",0.57,"Premium","G","VS2",61.1,59,1571,5.39,5.32,3.27
"45171",0.5,"Premium","E","VS2",58.6,60,1654,5.21,5.16,3.04
"752",0.77,"Premium","F","SI1",60.8,59,2856,5.92,5.86,3.58
"40698",0.4,"Ideal","E","VVS2",62.2,56,1158,4.71,4.78,2.95
"42573",0.55,"Ideal","I","VS2",58.5,62,1327,5.4,5.39,3.16
"49280",0.54,"Good","F","VS1",63.7,55,2090,5.16,5.11,3.27
"36754",0.33,"Ideal","F","VVS1",61.8,57,955,4.43,4.47,2.75
"32075",0.32,"Ideal","F","VS2",61.4,55,781,4.43,4.46,2.73
"47912",0.59,"Very Good","G","VS1",57.4,63,1915,5.54,5.58,3.19
"4483",0.61,"Ideal","D","VVS1",62.3,54,3625,5.4,5.45,3.38
"52811",0.71,"Premium","I","VVS1",63,58,2572,5.68,5.66,3.57
"11886",1.06,"Premium","G","SI1",62.2,57,5113,6.53,6.47,4.04
"46428",0.56,"Very Good","E","VS2",61.1,57,1770,5.33,5.38,3.27
"50896",0.51,"Ideal","E","VVS1",62.4,55,2317,5.08,5.12,3.18
"9751",1.27,"Premium","J","SI2",60.4,58,4660,7.04,7,4.24
"11336",1.01,"Good","F","SI1",63.6,58,4989,6.37,6.31,4.03
"11351",1.02,"Premium","E","SI2",58.7,58,4990,6.68,6.61,3.9
"47149",0.53,"Ideal","F","VS2",61.7,57,1832,5.23,5.21,3.22
"37099",0.41,"Ideal","E","SI1",62.7,57,969,4.77,4.74,2.98
"9023",0.9,"Very Good","G","VS1",61.3,61,4515,6.15,6.25,3.8
"44456",0.5,"Very Good","G","VS1",61.3,58,1592,5.03,5.09,3.1
"15517",1.48,"Premium","H","SI2",59.7,59,6216,7.46,7.42,4.44
"673",0.72,"Ideal","E","SI1",60.3,57,2847,5.83,5.85,3.52
"4596",0.7,"Ideal","H","VS2",61.9,56,3656,5.68,5.73,3.53
"7567",0.72,"Ideal","F","VVS1",62,56,4252,5.73,5.75,3.56
"12355",1.24,"Very Good","H","SI2",61,59,5231,6.93,7,4.25
"20883",1.51,"Ideal","G","SI2",61.2,56.1,9104,7.39,7.41,4.53
"4014",0.79,"Very Good","F","SI1",62.9,57,3519,5.86,5.94,3.71
"47952",0.71,"Premium","J","VS2",62.8,61,1917,5.71,5.63,3.56
"46094",0.51,"Ideal","D","VS2",61,57,1740,5.15,5.18,3.15
"30878",0.33,"Premium","E","SI1",61.1,58,743,4.47,4.43,2.72
"29048",0.4,"Good","I","VS1",63.5,55,687,4.67,4.71,2.98
"3150",0.9,"Good","E","SI1",63.8,61,3332,6.08,6.05,3.87
"15744",1,"Premium","F","VS2",62.9,59,6296,6.47,6.4,4.02
"9385",0.32,"Ideal","D","SI1",61.5,56,589,4.39,4.42,2.71
"38451",0.31,"Ideal","E","VVS1",62.4,56,1028,4.37,4.35,2.72
"48415",0.65,"Premium","F","VS2",59.6,58,1970,5.65,5.62,3.36
"45888",0.52,"Ideal","I","VS1",62.7,57,1720,5.17,5.14,3.23
"9621",1.28,"Premium","J","SI2",62.3,58,4636,6.94,6.89,4.31
"14642",1.33,"Very Good","J","VS2",63.9,57,5913,6.91,6.96,4.43
"15477",1.2,"Very Good","H","SI1",62.4,60,6199,6.75,6.71,4.2
"32274",0.36,"Very Good","E","VS2",62.3,58,789,4.51,4.55,2.82
"20564",1.28,"Premium","G","VS2",61.6,58,8874,7.02,6.98,4.31
"3874",0.81,"Ideal","F","SI1",62.3,55,3481,5.96,6,3.72
"47368",0.63,"Premium","E","SI1",58.8,59,1846,5.68,5.62,3.32
"16933",1.28,"Premium","I","VS2",61.7,60,6762,7.05,6.95,4.32
"21132",1.22,"Premium","E","VS2",62.2,55,9292,6.91,6.85,4.28
"33474",0.32,"Ideal","F","VS2",61.1,57,828,4.44,4.4,2.7
"2345",0.83,"Ideal","G","SI1",61.8,55,3171,6.05,6.09,3.75
"29119",0.34,"Very Good","H","VS2",63.3,56,689,4.45,4.39,2.8
"47696",0.5,"Ideal","G","VVS1",61.9,58,1883,5.06,5.09,3.14
"512",0.9,"Good","I","SI1",63.8,57,2823,6.06,6.13,3.89
"2304",0.74,"Good","E","VS2",63.5,56,3163,5.75,5.8,3.67
"36682",0.4,"Very Good","F","VS1",62,56,951,4.71,4.73,2.92
"19125",0.83,"Very Good","D","IF",59.7,53,7889,6.14,6.23,3.69
"49924",0.77,"Fair","I","VS1",65.1,57,2184,5.65,5.77,3.72
"37997",0.43,"Ideal","G","VS1",61.9,55,1008,4.86,4.84,3
"9581",1.08,"Premium","G","SI2",62.9,59,4627,6.57,6.53,4.12
"19171",1.17,"Ideal","F","VS2",61.8,55,7927,6.74,6.81,4.19
"15724",1.04,"Ideal","G","VS2",62.6,55,6290,6.49,6.45,4.05
"51130",0.71,"Ideal","E","SI2",58.7,57,2340,5.89,5.86,3.44
"35026",0.4,"Very Good","E","SI1",63.2,58,882,4.7,4.66,2.96
"53722",0.78,"Very Good","G","SI1",63,58,2721,5.82,5.86,3.68
"34805",0.31,"Ideal","D","VS1",62,54,877,4.36,4.35,2.7
"47237",0.71,"Very Good","J","SI1",62.8,57,1841,5.64,5.67,3.55
"12017",1.26,"Premium","I","SI2",60.1,59,5151,7,6.91,4.18
"10917",1.02,"Ideal","G","SI2",61,57,4890,6.51,6.58,3.99
"13667",1.02,"Premium","G","VS2",62.9,58,5593,6.41,6.37,4.02
"29118",0.34,"Ideal","H","VS2",62.6,54,689,4.5,4.45,2.8
"31110",0.41,"Very Good","J","VVS2",63.1,60,754,4.67,4.71,2.96
"4689",1.01,"Very Good","E","SI2",63.3,58,3674,6.4,6.31,4.02
"12967",0.92,"Good","G","VVS2",58.8,57,5390,6.32,6.37,3.73
"17282",1.26,"Ideal","F","SI1",60.6,56,6922,7.05,6.98,4.25
"2361",0.9,"Ideal","J","VS1",62.5,55,3175,6.18,6.14,3.85
"43031",0.5,"Very Good","G","VS2",62.8,56,1373,5.05,5.08,3.18
"29776",0.3,"Ideal","I","VVS1",62.3,55,709,4.29,4.28,2.67
"44753",0.51,"Premium","D","SI1",62.2,58,1619,5.13,5.06,3.17
"47994",0.32,"Ideal","J","IF",62.2,55,533,4.4,4.44,2.75
"31491",0.34,"Ideal","G","VS2",61.3,55,765,4.51,4.49,2.76
"46594",0.54,"Ideal","F","VS2",60.3,55,1786,5.32,5.26,3.19
"37786",0.57,"Very Good","I","SI2",62.1,57,1000,5.29,5.33,3.3
"45566",0.52,"Ideal","E","VS2",61.1,57,1689,5.18,5.2,3.17
"17715",0.41,"Ideal","J","VS2",62.3,54,613,4.77,4.8,2.98
"48883",0.73,"Premium","J","VS1",60.2,58,2037,5.87,5.82,3.52
"16466",1.28,"Premium","H","SI1",59.9,59,6580,7.05,7.08,4.23
"36427",0.31,"Ideal","D","VS2",61.2,55,942,4.39,4.37,2.68
"33015",0.4,"Very Good","E","VS2",59.1,60,814,4.81,4.84,2.85
"9194",1.06,"Ideal","H","SI2",61.7,60,4547,6.53,6.51,4.02
"40406",0.54,"Ideal","G","SI2",62.3,58,1133,5.17,5.2,3.23
"45655",0.25,"Premium","E","VS2",59.7,61,525,4.1,4.08,2.44
"47186",0.57,"Ideal","G","VS1",62.3,53.7,1837,5.32,5.35,3.32
"34462",0.31,"Ideal","E","VVS1",61.5,56,865,4.36,4.39,2.69
"22901",1.51,"Premium","H","VS1",62.4,60,10939,7.34,7.27,4.56
"3582",0.71,"Ideal","E","VS2",62,55,3421,5.72,5.77,3.56
"35392",0.41,"Premium","G","VS1",60.5,58,899,4.76,4.8,2.89
"38041",0.35,"Fair","F","VVS1",54.6,59,1011,4.85,4.79,2.63
"31492",0.34,"Premium","G","VS2",60.3,58,765,4.53,4.49,2.72
"34452",0.32,"Ideal","I","IF",60.8,54,864,4.47,4.44,2.71
"3943",0.8,"Very Good","D","SI1",62.9,60,3502,5.89,5.94,3.72
"31506",0.34,"Ideal","G","VS2",62,55,765,4.48,4.46,2.77
"33543",0.35,"Ideal","E","VS1",61.2,56,829,4.53,4.55,2.78
"24394",1.3,"Ideal","F","VVS2",62.1,55,12629,6.96,7.04,4.35
"20761",1.08,"Premium","D","VS1",61,59,8999,6.66,6.61,4.05
"17326",1.1,"Very Good","G","VS1",60.3,62,6951,6.72,6.67,4.04
"39371",0.5,"Very Good","D","SI2",58.5,60,1074,5.19,5.21,3.04
"49366",0.6,"Ideal","F","VS2",60.9,55,2099,5.49,5.51,3.34
"32019",0.32,"Very Good","F","VVS2",62.3,57,778,4.38,4.41,2.73
"5674",1.02,"Good","H","SI2",63.7,58,3884,6.28,6.24,3.99
"25011",2,"Good","J","VS2",61.4,63,13542,8.01,8.08,4.94
"49665",0.62,"Ideal","G","VS1",61.8,57,2141,5.47,5.5,3.39
"42344",0.57,"Ideal","F","SI1",61.6,56,1299,5.33,5.36,3.29
"42311",0.41,"Ideal","F","VVS1",62.3,57,1295,4.73,4.77,2.96
"2541",0.75,"Premium","E","VS2",61.8,58,3206,5.83,5.85,3.61
"47145",0.53,"Ideal","F","VS1",62.4,57,1832,5.18,5.21,3.24
"30201",0.42,"Good","F","SI1",63.1,56,722,4.79,4.82,3.03
"151",0.71,"Premium","D","SI2",61.7,59,2768,5.71,5.67,3.51
"21588",1.65,"Premium","F","SI2",60.5,61,9693,7.7,7.65,4.64
"37467",0.42,"Premium","G","VS1",60.9,58,984,4.84,4.81,2.94
"50069",0.71,"Ideal","F","SI2",61.6,56,2202,5.68,5.74,3.52
"34019",0.4,"Very Good","I","VVS1",60.8,58,849,4.75,4.83,2.91
"53240",0.7,"Very Good","E","SI1",63.1,58,2643,5.61,5.64,3.55
"31734",0.31,"Ideal","G","VVS1",62.4,56,772,4.33,4.36,2.71
"31289",0.36,"Ideal","F","SI2",61.2,56,450,4.61,4.64,2.83
"19512",1.23,"Premium","G","VS1",59.6,60,8145,6.94,6.99,4.15
"47627",0.75,"Premium","F","SI2",59.8,60,1881,5.96,5.92,3.55
"29851",0.3,"Premium","D","VS2",60.7,60,710,4.33,4.37,2.64
"23389",0.4,"Very Good","J","VS1",63,58,631,4.66,4.7,2.95
"34817",0.36,"Ideal","E","VS2",61.7,57,878,4.59,4.55,2.82
"6061",1,"Fair","D","SI2",66.5,59,3965,6.24,6.21,4.14
"8154",1.06,"Good","F","SI2",62.2,61,4357,6.47,6.53,4.04
"33937",0.3,"Ideal","J","VVS1",60.4,57,464,4.36,4.38,2.64
"32759",0.34,"Premium","I","VVS1",62.6,58,803,4.47,4.45,2.79
"16902",1.21,"Good","H","VS1",63.3,58,6748,6.72,6.77,4.27
"41208",0.51,"Premium","E","SI2",62,57,1205,5.13,5.09,3.17
"39446",0.41,"Ideal","E","VS1",61.5,56,1076,4.79,4.77,2.94
"39237",0.33,"Ideal","F","VVS2",62.4,56,1067,4.43,4.41,2.76
"164",0.71,"Ideal","G","VS2",61.9,57,2771,5.73,5.77,3.56
"2754",0.9,"Very Good","H","SI2",59.6,59,3250,6.38,6.24,3.76
"35014",0.4,"Premium","E","SI1",60.8,62,882,4.76,4.72,2.88
"1302",0.72,"Premium","D","SI1",61.4,59,2954,5.71,5.79,3.53
"32351",0.3,"Premium","E","VVS2",61.8,58,789,4.26,4.29,2.64
"13257",1.06,"Very Good","H","VS2",62.4,56,5480,6.49,6.56,4.07
"45032",0.54,"Premium","E","SI1",62.2,58,1637,5.26,5.23,3.26
"14147",1.22,"Premium","D","SI1",62.3,60,5739,6.84,6.8,4.25
"34217",0.4,"Ideal","G","SI1",61,55,855,4.76,4.81,2.92
"24165",1.88,"Very Good","H","VS2",63.1,55,12339,7.86,7.81,4.94
"37459",0.42,"Premium","H","VVS2",62.4,57,984,4.83,4.78,3
"21177",1.24,"Ideal","F","VS1",62.2,55,9333,6.89,6.87,4.28
"28265",0.23,"Good","F","VS2",63.8,57,357,3.93,3.84,2.48
"24463",1.5,"Ideal","I","IF",61.3,56,12725,7.34,7.41,4.52
"44280",0.49,"Premium","E","VS1",58.1,62,1577,5.2,5.13,3
"29023",0.31,"Ideal","G","VVS2",62.4,54,687,4.37,4.38,2.73
"36069",0.4,"Very Good","D","SI1",63.3,57,924,4.71,4.68,2.97
"20940",1.1,"Ideal","G","VVS2",61.7,56,9148,6.67,6.63,4.1
"31085",0.33,"Ideal","H","VVS1",61.7,56,752,4.46,4.48,2.76
"33814",0.32,"Ideal","E","VVS2",61.6,57,842,4.4,4.43,2.72
"2202",0.7,"Ideal","G","VS1",61.2,57,3140,5.7,5.74,3.5
"12313",1.24,"Ideal","I","SI2",61.9,57,5221,6.87,6.92,4.27
"24777",1.5,"Ideal","G","VS2",62,55,13135,7.33,7.36,4.56
"50407",0.57,"Ideal","E","SI1",61.9,57,2257,5.35,5.31,3.3
"14149",1.25,"Premium","H","SI2",61.2,62,5740,6.95,6.84,4.22
"3619",0.7,"Very Good","E","VVS2",61.5,58,3429,5.67,5.71,3.5
"47026",0.56,"Very Good","E","VS2",61.4,61,1819,5.28,5.31,3.25
"14395",0.3,"Very Good","G","VS1",62.9,60,605,4.26,4.29,2.69
"49154",0.7,"Very Good","F","SI2",62.3,58,2070,5.65,5.71,3.54
"18679",1.51,"Very Good","J","SI1",62.3,59,7637,7.22,7.28,4.52
"18477",1.08,"Premium","G","VS1",63,59,7523,6.56,6.5,4.11
"15570",1.01,"Premium","F","VS2",61.5,58,6244,6.41,6.46,3.96
"14970",1,"Good","G","VS1",63.9,55,6028,6.34,6.28,4.03
"14871",1.01,"Very Good","F","VS2",61.1,56,5988,6.49,6.56,3.99
"48069",0.56,"Very Good","F","VS1",61.2,58,1929,5.32,5.33,3.26
"49945",0.72,"Good","F","SI1",63.9,62,2188,5.7,5.63,3.62
"30163",0.4,"Good","D","SI1",63.6,57,720,4.67,4.7,2.98
"39007",0.4,"Ideal","E","VVS2",61.6,56,1056,4.78,4.73,2.93
"51509",0.55,"Ideal","G","IF",61.1,57,2383,5.26,5.31,3.23
"44707",0.57,"Ideal","E","SI1",61.2,57,1613,5.37,5.32,3.27
"8576",1,"Fair","G","VS2",69.8,54,4435,6.03,5.94,4.18
"9092",0.91,"Good","E","SI1",60.2,60,4523,6.17,6.26,3.74
"26478",2,"Very Good","E","SI2",62.9,56,16064,7.94,8,5.01
"34477",0.38,"Ideal","E","VS2",60.1,56,866,4.69,4.72,2.83
"12016",0.83,"Ideal","E","VS1",62.2,56,5151,5.99,6.03,3.74
"38000",0.43,"Ideal","G","VS1",61.1,56,1008,4.9,4.86,2.98
"32762",0.34,"Premium","D","SI1",59.7,59,803,4.57,4.54,2.72
"9025",1.04,"Ideal","H","SI1",62.7,54,4515,6.51,6.47,4.07
"2198",0.9,"Very Good","E","SI2",59.5,61,3139,6.24,6.3,3.73
"18001",1.01,"Good","G","VVS1",63.1,59,7279,6.33,6.42,4.02
"3577",0.71,"Very Good","D","VS1",62,61,3420,5.71,5.74,3.55
"8924",1,"Good","I","SI1",61,60,4496,6.36,6.39,3.89
"11989",1.06,"Ideal","H","SI1",62.2,57,5143,6.56,6.49,4.06
"52871",0.73,"Ideal","E","SI2",60.9,57,2581,5.83,5.8,3.54
"32114",0.25,"Ideal","E","VVS1",62.3,53,783,4.08,4.11,2.55
"43690",0.5,"Very Good","D","SI1",58.5,60,1436,5.13,5.19,3.02
"13207",1.11,"Ideal","H","SI1",61.6,56,5456,6.69,6.65,4.11
"17050",0.3,"Ideal","F","VS1",61.8,55,612,4.31,4.33,2.67
"6417",0.71,"Ideal","E","VVS2",62,53.9,4042,5.73,5.77,3.57
"8105",1.15,"Premium","J","SI1",62.3,55,4347,6.76,6.66,4.18
"30396",0.32,"Ideal","G","VVS2",60.6,57,730,4.41,4.43,2.68
"29724",0.31,"Premium","H","VVS1",61.8,58,707,4.3,4.34,2.67
"24744",1.91,"Premium","I","SI1",59.6,60,13092,8.02,7.98,4.77
"9805",1.03,"Very Good","E","SI2",62.1,59,4668,6.43,6.46,4
"53229",0.71,"Good","D","SI1",64,56,2641,5.59,5.63,3.59
"1212",0.81,"Ideal","E","SI2",60.2,57,2938,6.1,6.06,3.66
"46289",0.56,"Ideal","G","SI1",61.6,59,1755,5.27,5.32,3.26
"20766",1.21,"Premium","G","VVS1",60.1,61,9003,6.92,6.85,4.14
"12988",1,"Ideal","E","SI1",62.3,55,5396,6.41,6.34,3.97
"4428",1,"Good","J","SI1",58.7,62,3614,6.47,6.51,3.81
"26483",1.75,"Very Good","G","VS2",62.8,59,16073,7.53,7.62,4.76
"28258",0.33,"Premium","F","VS2",62.2,58,666,4.43,4.44,2.76
"1041",0.8,"Ideal","I","VS1",62.2,58,2906,5.92,5.95,3.69
"6757",1.06,"Ideal","I","SI2",61.9,59,4103,6.47,6.52,4.02
"12922",1,"Good","E","VS2",64,58,5376,6.24,6.2,3.99
"20517",1.54,"Ideal","J","VS1",62.2,59,8848,7.34,7.38,4.58
"1493",0.72,"Very Good","E","VS2",62.9,57,2990,5.68,5.73,3.59
"16126",1,"Good","E","VS2",60.6,65,6445,6.29,6.36,3.83
"41385",0.42,"Ideal","F","VVS2",62.1,55,1221,4.81,4.79,2.98
"10800",1,"Good","H","VS2",63.7,59,4861,6.3,6.26,4
"36794",0.34,"Premium","E","VS2",61.1,60,956,4.48,4.45,2.73
"14312",1.24,"Ideal","I","SI1",62.1,56,5797,6.84,6.88,4.26
"34438",0.46,"Premium","I","SI2",61,58,863,5.03,4.97,3.05
"27966",0.3,"Ideal","E","VS2",62.6,54,658,4.28,4.31,2.69
"23245",1.31,"Premium","G","VVS2",59.6,61,11255,7.23,7.14,4.28
"48332",0.7,"Very Good","J","SI1",61.1,60,1959,5.66,5.7,3.47
"8170",1.07,"Premium","E","SI2",60.5,59,4362,6.67,6.59,4.01
"34993",0.35,"Ideal","E","VVS2",61.3,56,881,4.54,4.6,2.8
"44157",0.53,"Ideal","E","SI1",61.4,56,1564,5.2,5.26,3.21
"32204",0.35,"Premium","E","SI1",62.7,57,788,4.52,4.47,2.82
"49686",0.56,"Ideal","E","VS1",61.9,57,2145,5.31,5.29,3.28
"30546",0.31,"Ideal","D","VS2",62.7,57,734,4.3,4.34,2.71
"7053",0.33,"Premium","G","VS2",61.4,60,579,4.41,4.45,2.72
"4260",0.9,"Premium","I","VS1",62.2,58,3580,6.18,6.13,3.83
"37063",0.43,"Ideal","F","VS2",61.1,56,968,4.91,4.88,2.99
"53575",0.63,"Ideal","E","VVS2",61.6,57,2697,5.52,5.49,3.39
"4453",0.9,"Premium","F","SI2",61.4,58,3619,6.13,6.19,3.78
"16083",1,"Ideal","F","VS2",61.7,58,6424,6.37,6.43,3.95
"1974",0.92,"Premium","J","VS2",60.9,62,3091,6.31,6.26,3.83
"22082",1.22,"Ideal","F","VS1",62.3,57,10100,6.83,6.79,4.24
"30585",0.31,"Ideal","D","VS2",61.5,56,734,4.34,4.37,2.68
"81",0.26,"Very Good","E","VVS1",63.4,59,554,4,4.04,2.55
"11220",1,"Very Good","F","SI1",59.4,60,4961,6.47,6.52,3.86
"3455",0.74,"Very Good","G","VS1",60.9,59,3389,5.9,5.86,3.58
"24269",1.36,"Ideal","F","VVS2",61.6,56,12494,7.08,7.17,4.39
"49947",0.63,"Good","F","VS1",61.6,60.7,2188,5.46,5.52,3.38
"43490",0.58,"Ideal","H","SI1",60.2,57,1421,5.47,5.43,3.28
"35661",0.31,"Good","G","VVS2",63.8,56,907,4.28,4.24,2.72
"48034",0.5,"Ideal","D","VS1",61.6,57,1923,5.09,5.13,3.15
"36522",0.42,"Very Good","G","SI1",63.2,57,945,4.79,4.77,3.02
"29158",0.38,"Ideal","E","SI1",61.8,53.8,693,4.63,4.67,2.88
"10092",1.02,"Very Good","D","SI2",62.7,59,4712,6.36,6.44,4.01
"30265",0.32,"Ideal","F","VS1",61.3,55,725,4.4,4.44,2.71
"48515",0.58,"Ideal","G","VS1",62.6,54,1984,5.34,5.3,3.33
"9788",1.01,"Ideal","E","SI2",62.2,54,4666,6.39,6.43,3.99
"47801",0.71,"Ideal","J","SI2",61.3,56,1901,5.73,5.78,3.53
"34877",0.3,"Very Good","G","VVS2",63.1,56,878,4.23,4.2,2.66
"50994",0.31,"Very Good","E","SI1",62.8,57,544,4.32,4.34,2.72
"22599",1.5,"Very Good","H","VS1",63.4,59,10652,7.13,7.2,4.54
"26040",0.32,"Ideal","F","VS2",61.3,56,645,4.41,4.43,2.71
"24111",1.5,"Ideal","E","SI1",60.4,59,12265,7.38,7.43,4.47
"42789",0.54,"Ideal","G","SI1",62.4,56,1350,5.2,5.22,3.25
"9277",1.01,"Very Good","D","SI2",61.4,60,4564,6.33,6.38,3.9
"48441",0.51,"Premium","G","VVS2",61.5,56,1974,5.15,5.12,3.16
"44976",0.32,"Ideal","I","VS1",60.9,57,523,4.43,4.47,2.71
"34716",0.37,"Premium","D","SI1",61.9,59,874,4.65,4.62,2.87
"2495",0.9,"Very Good","J","VS1",62.9,56,3197,6.13,6.18,3.87
"15509",1.06,"Good","G","VS2",63.1,59,6212,6.45,6.48,4.08
"42804",0.52,"Ideal","G","SI1",62.2,54,1352,5.18,5.2,3.23
"30948",0.23,"Very Good","D","SI2",63.5,57,449,3.87,3.85,2.45
"50640",0.23,"Very Good","F","VS1",61.9,58,402,3.9,4.02,2.45
"33854",0.3,"Premium","E","VS2",62.1,58,844,4.31,4.29,2.67
"11938",1.05,"Ideal","H","SI1",62.4,57,5128,6.49,6.52,4.06
"48741",0.72,"Very Good","G","SI2",62.1,59,2015,5.66,5.73,3.54
"29638",0.3,"Very Good","I","VS1",61.8,63,442,4.26,4.29,2.64
"4147",1.07,"Premium","G","SI2",62.2,58,3545,6.56,6.49,4.06
"28234",0.33,"Ideal","F","VS2",61.6,56,666,4.44,4.46,2.74
"35584",0.35,"Ideal","F","VS2",62.6,56,906,4.52,4.49,2.82
"38252",0.31,"Very Good","J","VS2",62.3,60,380,4.29,4.34,2.69
"10023",0.31,"Ideal","I","SI1",60.9,57,414,4.36,4.41,2.67
"8612",0.84,"Very Good","D","VS1",60.6,57,4443,6.06,6.15,3.7
"12878",1.01,"Premium","E","SI1",58.2,59,5366,6.59,6.54,3.82
"41591",0.31,"Premium","H","SI2",59.5,59,390,4.39,4.45,2.63
"3707",1.01,"Ideal","E","I1",62,57,3450,6.41,6.37,3.96
"32054",0.35,"Ideal","D","SI1",61.1,56,780,4.55,4.59,2.79
"53194",0.7,"Very Good","G","VS2",62.2,61,2633,5.54,5.59,3.46
"36141",0.33,"Ideal","E","VS2",61,57,928,4.46,4.43,2.71
"15582",1.22,"Good","H","SI2",63.5,56,6250,6.84,6.77,4.32
"40437",0.5,"Premium","G","SI1",63,56,1138,5.07,5.02,3.18
"5986",0.71,"Premium","D","VVS1",58.8,58,3952,5.89,5.81,3.44
"23196",2,"Fair","H","SI2",55.3,65,11202,8.42,8.35,4.64
"3490",0.9,"Good","I","VS1",62.8,57,3398,6.07,6.16,3.84
"30339",0.34,"Premium","F","SI1",59.3,60,727,4.58,4.52,2.7
"2528",0.7,"Very Good","F","VVS2",60.5,60,3205,5.7,5.73,3.46
"49218",1.06,"Very Good","G","I1",60.7,63,2080,6.59,6.56,3.99
"8616",0.8,"Good","E","VS1",60.2,54,4444,6.04,6.01,3.63
"19206",1.51,"Very Good","J","VS1",63.7,55,7953,7.16,7.28,4.6
"21204",1.23,"Very Good","F","VS1",60.6,58,9346,6.88,6.95,4.19
"4602",0.96,"Fair","H","VS2",68.8,56,3658,6.11,5.98,4.16
"7506",1.05,"Very Good","G","SI2",62.5,60,4241,6.45,6.5,4.05
"9225",1.1,"Premium","H","SI2",62.6,57,4558,6.6,6.56,4.12
"20402",1.31,"Premium","E","SI1",62.4,58,8767,7.03,6.95,4.36
"8445",1.01,"Very Good","I","SI1",63.5,59,4412,6.36,6.31,4.02
"53114",0.7,"Ideal","I","VS1",61.9,56,2616,5.69,5.72,3.53
"43647",0.6,"Premium","H","SI1",62,56,1433,5.44,5.4,3.36
"14917",1.23,"Ideal","G","SI2",58.8,60,6005,7.01,7.08,4.14
"4089",0.9,"Very Good","D","SI2",60.6,61,3534,6.14,6.2,3.74
"23316",1.5,"Premium","H","VS2",61.8,59,11360,7.3,7.35,4.53
"48828",0.71,"Premium","H","SI2",62.4,56,2028,5.7,5.64,3.54
"39462",0.53,"Ideal","F","SI2",62.4,54,1078,5.19,5.22,3.25
"38838",0.46,"Very Good","G","VS1",62.8,57,1049,4.92,4.83,3.06
"34689",0.3,"Ideal","F","IF",61.3,55,873,4.32,4.36,2.66
"42743",0.51,"Good","E","SI1",63.9,56,1343,5.07,5.11,3.25
"30889",0.33,"Premium","E","SI1",60.6,60,743,4.44,4.41,2.68
"40416",0.63,"Good","J","SI1",59.9,64,1134,5.63,5.58,3.36
"23392",0.36,"Very Good","E","SI1",62.4,55,631,4.52,4.55,2.83
"18163",1.51,"Ideal","I","SI2",61.2,58,7362,7.33,7.42,4.51
"17860",2,"Ideal","H","I1",62.5,57,7204,8.05,7.98,5.01
"12769",1.07,"Premium","H","VS2",62.1,59,5327,6.52,6.56,4.06
"43037",0.55,"Ideal","I","VS2",61.8,55,1374,5.28,5.32,3.27
"37064",0.43,"Premium","F","VS2",59.8,58,968,4.94,4.89,2.94
"31528",0.34,"Premium","E","SI1",61.9,59,765,4.48,4.44,2.76
"13830",1.25,"Very Good","H","SI2",61.6,54,5637,6.85,6.95,4.25
"13882",1.31,"Very Good","I","SI2",60.9,58,5652,7.03,7.07,4.29
"39725",0.58,"Very Good","J","VS2",62.8,57,1090,5.28,5.33,3.33
"23569",1.5,"Good","G","VS2",63.3,62,11577,7.08,7.2,4.52
"17030",1.11,"Ideal","E","SI1",61.1,57,6800,6.64,6.72,4.08
"52367",0.9,"Good","I","SI2",64,55,2503,6.11,6.05,3.89
"13529",1.1,"Ideal","I","VS1",61.7,57,5544,6.65,6.62,4.09
"33544",0.35,"Ideal","E","VS1",61.9,56,829,4.51,4.53,2.8
"49770",0.5,"Ideal","F","VVS2",61.6,56,2160,5.11,5.08,3.14
"39372",0.5,"Very Good","H","VS2",61.8,63,1074,5.05,5.08,3.13
